InputSize,TimeSeconds
7559,0.0004752
15119,0.00117807
22678,0.00205641
30238,0.00348443
37797,0.0056343
45357,0.00582366
52916,0.00999322
60476,0.0121448
68035,0.0147817
75595,0.0158392
