InputSize,TimeSeconds
7559,0
15119,0.001441
22678,0.002141
30238,0.001437
37797,0
45357,0
52916,0.011064
60476,0.003856
68035,0.003382
75595,0.004933
