InputSize,TimeSeconds
7559,0.0012004
15119,0.00125433
22678,0.00168604
30238,0.00211558
37797,0.00251012
45357,0.00352588
52916,0.00361658
60476,0.00398219
68035,0.00474488
75595,0.00516203
