InputSize,TimeSeconds
7559,0.00094313
15119,0.00107338
22678,0.00160479
30238,0.00204601
37797,0.00204781
45357,0.00247349
52916,0.00347844
60476,0.00366495
68035,0.00335566
75595,0.00412309
